er,sx,sy,sz,u (sy/sx),v (sz/sx),d,Pxx,Pyy,Pzz,Nx,Ny,Nz,N_sum
0.5,1.0,1.0,1.0,1.0,1.0,0.1,-0.606548228232419,-0.6065482282324174,-0.6065482282324174,-1.648673515895288,-1.6486735158952928,-1.6486735158952928,-4.946020547685874
1.25,1.0,1.0,1.0,1.0,1.0,0.1,0.2310853522598327,0.2310853522598329,0.23108535225983295,4.327405394676849,4.327405394676846,4.327405394676844,12.982216184030538
1.5,1.0,1.0,1.0,1.0,1.0,0.1,0.43054323288945856,0.4305432328894577,0.43054323288945756,2.322647120217887,2.3226471202178915,2.3226471202178924,6.967941360653671
1.75,1.0,1.0,1.0,1.0,1.0,0.1,0.6053042172878063,0.6053042172878037,0.6053042172878043,1.6520618416979016,1.6520618416979085,1.652061841697907,4.956185525093717
2,1.0,1.0,1.0,1.0,1.0,0.1,0.7602041879102085,0.7602041879102075,0.760204187910207,1.315436057711004,1.3154360577110058,1.3154360577110065,3.9463081731330165
3,1.0,1.0,1.0,1.0,1.0,0.1,1.2404158117499908,1.2404158117499906,1.2404158117499913,0.8061812744785881,0.8061812744785882,0.8061812744785878,2.418543823435764
5,1.0,1.0,1.0,1.0,1.0,0.1,1.8301198782369732,1.8301198782369685,1.830119878236969,0.5464122934740971,0.5464122934740986,0.5464122934740985,1.639236880422294
8,1.0,1.0,1.0,1.0,1.0,0.1,2.3139341133214115,2.3139341133214155,2.3139341133214177,0.43216442259222504,0.43216442259222426,0.4321644225922239,1.2964932677766732
10,1.0,1.0,1.0,1.0,1.0,0.1,2.515242495185068,2.5152424951850727,2.5152424951850723,0.39757598001556566,0.3975759800155649,0.39757598001556493,1.1927279400466955
12.5,1.0,1.0,1.0,1.0,1.0,0.1,2.696784140604423,2.6967841406044193,2.696784140604419,0.37081202938840807,0.3708120293884085,0.3708120293884086,1.112436088165225
15,1.0,1.0,1.0,1.0,1.0,0.1,2.8313314349920717,2.8313314362895827,2.8313314348015366,0.35319072420880326,0.35319072404694696,0.3531907242325713,1.0595721724883216
17.5,1.0,1.0,1.0,1.0,1.0,0.1,2.936297781912842,2.9362977383047415,2.9362977502019687,0.3405649134634271,0.3405649185212892,0.3405649171413957,1.021694749126112
20,1.0,1.0,1.0,1.0,1.0,0.1,3.0164428611024556,3.016443006446961,3.0164427454764073,0.3315163077992195,0.33151629182541403,0.3315163205068768,0.9945489201315103
0.5,1.0,1.0,0.7,1.0,0.7,0.06999999999999999,-0.5948954620848217,-0.5948954620848212,-0.631422059817508,-1.680967604788045,-1.6809676047880464,-1.5837267394316528,-4.945661949007745
1.25,1.0,1.0,0.7,1.0,0.7,0.06999999999999999,0.23284110652359113,0.2328411065235903,0.22773894822743906,4.294774298792818,4.2947742987928335,4.390992440174602,12.980541037760254
1.5,1.0,1.0,0.7,1.0,0.7,0.06999999999999999,0.4365913179066899,0.43659131790668815,0.4190765643922034,2.290471566852651,2.2904715668526605,2.3861988117859165,6.967141945491228
1.75,1.0,1.0,0.7,1.0,0.7,0.06999999999999999,0.6172266556192245,0.6172266556192236,0.5829548373938617,1.6201503789507652,1.6201503789507674,1.7153987510774702,4.955699508979003
2,1.0,1.0,0.7,1.0,0.7,0.06999999999999999,0.7789793860652819,0.7789793860652833,0.7254134200747049,1.2837310176474883,1.283731017647486,1.3785242626156786,3.945986297910653
3,1.0,1.0,0.7,1.0,0.7,0.06999999999999999,1.2902019296519625,1.2902019296519616,1.1516452776480655,0.7750724727793225,0.775072472779323,0.8683229284300447,2.41846787398869
5,1.0,1.0,0.7,1.0,0.7,0.06999999999999999,1.937897911036102,1.937897911036105,1.6469013826449421,0.5160230548292131,0.5160230548292123,0.6072008989354231,1.6392470085938484
8,1.0,1.0,0.7,1.0,0.7,0.06999999999999999,2.4851119093547354,2.4851119093547323,2.033701235819451,0.40239636542551205,0.40239636542551255,0.4917143100407589,1.2965070408917834
10,1.0,1.0,0.7,1.0,0.7,0.06999999999999999,2.7166684684068616,2.7166684684068687,2.190444158248149,0.3680979153803154,0.36809791538031444,0.45652841513191994,1.1927242458925498
12.5,1.0,1.0,0.7,1.0,0.7,0.06999999999999999,2.9270473922234737,2.927047392223474,2.3310447427059864,0.34164120562474726,0.3416412056247472,0.42899219464966293,1.1122746058991573
15,1.0,1.0,0.7,1.0,0.7,0.06999999999999999,3.0825083742847066,3.0825083954992287,2.4351496297760375,0.32441112191043087,0.32441111967775993,0.4106523836450948,1.0594746252332856
17.5,1.0,1.0,0.7,1.0,0.7,0.06999999999999999,3.2029164012955604,3.2029168886633075,2.5169238114297965,0.31221545451373817,0.3122154070058733,0.39731039750143526,1.0217412590210468
20,1.0,1.0,0.7,1.0,0.7,0.06999999999999999,3.2972447233473434,3.297242380929424,2.5994817762349256,0.30328352424651267,0.30328373970436495,0.38469206021840024,0.991259324169278
0.5,1.0,1.0,0.5,1.0,0.5,0.05,-0.5772151157286065,-0.5772151157286078,-0.6740160564050521,-1.7324563628894594,-1.7324563628894554,-1.4836441810208847,-4.9485569067998
1.25,1.0,1.0,0.5,1.0,0.5,0.05,0.23555082696078314,0.23555082696078314,0.22260410869332292,4.245368241337102,4.245368241337102,4.492280065583512,12.983016548257716
1.5,1.0,1.0,0.5,1.0,0.5,0.05,0.44620590538692884,0.44620590538693033,0.40207104639977365,2.2411178066611352,2.2411178066611277,2.48712263405735,6.969358247379613
1.75,1.0,1.0,0.5,1.0,0.5,0.05,0.6365422333620124,0.6365422333620172,0.5506265310745104,1.5709876699277594,1.5709876699277476,1.8161129977674118,4.958088337622918
2,1.0,1.0,0.5,1.0,0.5,0.05,0.8098680246029903,0.8098680246029992,0.6761034491956841,1.23476908535834,1.2347690853583264,1.479063597722559,3.9486017684392256
3,1.0,1.0,0.5,1.0,0.5,0.05,1.3759443730076912,1.3759443730076821,1.0327451140300594,0.7267735670258889,0.7267735670258937,0.9682931310105367,2.421840265062319
5,1.0,1.0,0.5,1.0,0.5,0.05,2.1344396618736465,2.13443966187366,1.4155507262372473,0.46850703623178713,0.4685070362317842,0.7064388308133291,1.6434529032769005
8,1.0,1.0,0.5,1.0,0.5,0.05,2.8132133052495774,2.8132133052495814,1.693601251811245,0.3554654025466028,0.3554654025466023,0.590457759127502,1.301388564220707
10,1.0,1.0,0.5,1.0,0.5,0.05,3.111510919798958,3.111510919798962,1.801203109322886,0.3213872699712757,0.32138726997127526,0.5551844735466414,1.1979590134891924
12.5,1.0,1.0,0.5,1.0,0.5,0.05,3.388767905880781,3.3887677788621353,1.89445101011676,0.2950925019871162,0.29509251304784756,0.5278574081144317,1.1180424231493955
15,1.0,1.0,0.5,1.0,0.5,0.05,3.5989720235584666,3.598972011413583,1.9606701816183658,0.27785711960362913,0.27785712054126976,0.5100296874890938,1.0657439276339926
17.5,1.0,1.0,0.5,1.0,0.5,0.05,3.7635864963758254,3.7635862165827167,2.010872204578401,0.26570400360479496,0.26570402335780313,0.49729664457203027,1.0287046715346282
20,1.0,1.0,0.5,1.0,0.5,0.05,3.9104567654088807,3.9104514925205907,2.0498413508077475,0.2557246020070597,0.2557249468284344,0.4878426321168447,0.9992921809523387
0.5,1.0,1.0,0.3,1.0,0.3,0.03,-0.559079799148326,-0.5590797991483254,-0.7261758056100349,-1.7886534293017735,-1.7886534293017753,-1.3770770001899677,-4.954383858793516
1.25,1.0,1.0,0.3,1.0,0.3,0.03,0.23854056536829815,0.23854056536829799,0.21738266336447057,4.192159092337337,4.19215909233734,4.600182850475839,12.984501035150515
1.5,1.0,1.0,0.3,1.0,0.3,0.03,0.4569030866352676,0.4569030866352649,0.38531777157666236,2.1886479414359283,2.188647941435941,2.5952605194101235,6.9725564022819935
1.75,1.0,1.0,0.3,1.0,0.3,0.03,0.6582848807665902,0.6582848807665893,0.5196488974292588,1.5190991457003744,1.5190991457003764,1.924376256636112,4.962574548036863
2,1.0,1.0,0.3,1.0,0.3,0.03,0.8450484348681431,0.8450484348681468,0.629960931110442,1.183364122976022,1.1833641229760166,1.5874000285022187,3.9541282744542574
3,1.0,1.0,0.3,1.0,0.3,0.03,1.4777186168763898,1.4777186168763832,0.9287609867247737,0.6767188208766063,0.6767188208766093,1.0767032792004398,2.4301409209536553
5,1.0,1.0,0.3,1.0,0.3,0.03,2.381744782391472,2.3817447823914755,1.2273782934946529,0.4198602668905255,0.41986026689052486,0.8147447329810192,1.6544652667620696
8,1.0,1.0,0.3,1.0,0.3,0.03,3.248568356287766,3.2485683562877625,1.4314404531539489,0.30782790765798423,0.30782790765798457,0.6985969956323791,1.3142528109483478
10,1.0,1.0,0.3,1.0,0.3,0.03,3.6475621048258198,3.647562104825831,1.5077468297055638,0.2741557158621025,0.2741557158621017,0.6632413216184857,1.2115527533426897
12.5,1.0,1.0,0.3,1.0,0.3,0.03,4.028172166702435,4.0281721667024515,1.5727581234738992,0.24825155395942913,0.24825155395942808,0.6358256778805922,1.1323287857994493
15,1.0,1.0,0.3,1.0,0.3,0.03,4.322196044429033,4.322195971897052,1.6185970375341772,0.23136386913520976,0.2313638730177916,0.6178189980647883,1.0805467402177897
17.5,1.0,1.0,0.3,1.0,0.3,0.03,4.558565832500305,4.558565853919657,1.6530172125434681,0.21936723889572854,0.21936723786498677,0.6049543782192793,1.0436888549799948
20,1.0,1.0,0.3,1.0,0.3,0.03,4.756931850908969,4.7569311928139815,1.6800746657159016,0.21021953463741908,0.2102195637201231,0.595211641724201,1.0156507400817432
0.5,1.0,1.0,0.2,1.0,0.2,0.02,-0.5443613923384026,-0.5443613923384045,-0.7773238378984223,-1.8370149207391793,-1.8370149207391728,-1.2864651143384545,-4.960494955816806
1.25,1.0,1.0,0.2,1.0,0.2,0.02,0.24113850178780585,0.24113850178780774,0.21308766326253828,4.146994331415263,4.14699433141523,4.69290424743141,12.986892910261904
1.5,1.0,1.0,0.2,1.0,0.2,0.02,0.46642126872186707,0.46642126872186734,0.3719769893699869,2.143984563011668,2.1439845630116667,2.688338334297743,6.9763074603210775
1.75,1.0,1.0,0.2,1.0,0.2,0.02,0.6780251311011094,0.6780251311011068,0.49559103744195704,1.4748715853290055,1.474871585329011,2.0177927453280846,4.967535915986101
2,1.0,1.0,0.2,1.0,0.2,0.02,0.8775760761959679,0.8775760761959563,0.5948423753209106,1.1395023487134055,1.1395023487134206,1.68111762290054,3.960122320327366
3,1.0,1.0,0.2,1.0,0.2,0.02,1.577652984831764,1.5776529848317749,0.8537304968883687,0.6338529509432246,0.6338529509432203,1.1713298325932442,2.439035734479689
5,1.0,1.0,0.2,1.0,0.2,0.02,2.645791383642571,2.645791383642574,1.0983768450944764,0.3779587484419344,0.37795874844193394,0.9104343417891201,1.6663518386729885
8,1.0,1.0,0.2,1.0,0.2,0.02,3.751684589133034,3.75168458913306,1.2576125327871797,0.2665469274513525,0.2665469274513506,0.7951574701500098,1.328251325052713
10,1.0,1.0,0.2,1.0,0.2,0.02,4.290050844342648,4.290050844342667,1.315454186874515,0.23309747046907717,0.23309747046907617,0.7601937110223306,1.2263886519604839
12.5,1.0,1.0,0.2,1.0,0.2,0.02,4.822124895113384,4.822124893320794,1.3639091096020768,0.20737745739712674,0.20737745747421782,0.7331866859454821,1.1479416008168266
15,1.0,1.0,0.2,1.0,0.2,0.02,5.246494281796285,5.24650658183955,1.3975144479232977,0.19060346705602846,0.19060302020041994,0.7155561085511474,1.0967625958075957
17.5,1.0,1.0,0.2,1.0,0.2,0.02,5.598098641711175,5.598098640673082,1.4223492876264823,0.1786320792115105,0.17863207924463545,0.7030621864118416,1.0603263448679876
20,1.0,1.0,0.2,1.0,0.2,0.02,5.9073773215706264,5.907373196708541,1.4415854508801875,0.16927985899064335,0.16927997719141533,0.6936806967560826,1.0322405329381412
0.5,1.0,0.7,0.7,0.7,0.7,0.06999999999999999,-0.5861372965747451,-0.6173276521209211,-0.6173276521209212,-1.7060849153325948,-1.619885317892939,-1.6198853178929389,-4.9458555511184725
1.25,1.0,0.7,0.7,0.7,0.7,0.06999999999999999,0.23418292495448007,0.22960965051987017,0.22960965051987012,4.270166154062589,4.355217638874726,4.355217638874727,12.980601431812042
1.5,1.0,0.7,0.7,0.7,0.7,0.06999999999999999,0.44130082721425395,0.4254200936903883,0.4254200936903885,2.2660279300008983,2.3506176949125934,2.350617694912592,6.967263319826084
1.75,1.0,0.7,0.7,0.7,0.7,0.06999999999999999,0.6266222031577222,0.5952357172635617,0.5952357172635615,1.5958579108124864,1.6800067116221362,1.6800067116221369,4.955871334056759
2,1.0,0.7,0.7,0.7,0.7,0.06999999999999999,0.7939172887406319,0.7444285306298168,0.744428530629817,1.2595770544136544,1.343312297762096,1.3433122977620957,3.946201649937846
3,1.0,0.7,0.7,0.7,0.7,0.06999999999999999,1.3309093514957535,1.1994391539822062,1.199439153982206,0.7513659731041349,0.8337229918499351,0.8337229918499353,2.418811956804005
5,1.0,0.7,0.7,0.7,0.7,0.06999999999999999,2.0288733990980767,1.743915892670762,1.7439158926707623,0.4928843763462737,0.5734221496591363,0.5734221496591362,1.639728675664546
8,1.0,0.7,0.7,0.7,0.7,0.06999999999999999,2.6334232731962373,2.180236728656042,2.180236728656041,0.37973386586892294,0.4586657892954714,0.4586657892954716,1.297065444459866
10,1.0,0.7,0.7,0.7,0.7,0.06999999999999999,2.8931490054822446,2.359450338053056,2.3594503380530556,0.34564414003741056,0.4238275262132317,0.4238275262132318,1.193299192463874
12.5,1.0,0.7,0.7,0.7,0.7,0.06999999999999999,3.13089907503349,2.5203543818987413,2.520354381898742,0.3193970728645424,0.3967696000142001,0.3967696000141999,1.1129362728929424
15,1.0,0.7,0.7,0.7,0.7,0.06999999999999999,3.308143713436752,2.6388998427614516,2.6388958643776794,0.30228432819840334,0.3789457954393447,0.378946366735781,1.0601764903735291
17.5,1.0,0.7,0.7,0.7,0.7,0.06999999999999999,3.449485289301249,2.729450803217137,2.729458765742295,0.2898983228313946,0.3663740701321029,0.3663730013257933,1.0226453942892908
20,1.0,0.7,0.7,0.7,0.7,0.06999999999999999,3.55817232715487,2.802034381877053,2.8020430708541424,0.28104316150409847,0.35688355805616867,0.35688245138043917,0.9948091709407063
0.5,1.0,0.7,0.5,0.7,0.5,0.05,-0.5682351734532259,-0.6032257588206987,-0.6535567894558093,-1.7598347422298641,-1.657754141592016,-1.5300889167300369,-4.947677800551917
1.25,1.0,0.7,0.5,0.7,0.5,0.05,0.23707204661772133,0.23154260612735145,0.22493398510985443,4.218126996695228,4.318859568549501,4.445748824979092,12.98273539022382
1.5,1.0,0.7,0.5,0.7,0.5,0.05,0.45168711013789903,0.43210419812911616,0.4097218083806666,2.213921933027273,2.3142566175698023,2.440680431320645,6.96885898191772
1.75,1.0,0.7,0.5,0.7,0.5,0.05,0.6477364952920718,0.6083437872082278,0.5650448800658918,1.5438376674284635,1.6438073685097299,1.7697709248925264,4.95741596083072
2,1.0,0.7,0.5,0.7,0.5,0.05,0.8280443806262178,0.7649352046874828,0.6979223299005937,1.2076647380225427,1.3073002704961838,1.4328241942659032,3.9477892027846293
3,1.0,0.7,0.5,0.7,0.5,0.05,1.4288968672615523,1.2525177590226073,1.0840929987496344,0.6998405713608127,0.7983918733258859,0.9224300877815601,2.420662532468259
5,1.0,0.7,0.5,0.7,0.5,0.05,2.263263959596475,1.8553071925591553,1.5126330175811609,0.44183975791241487,0.5389942991708181,0.6610988841160508,1.6419329411992838
8,1.0,0.7,0.5,0.7,0.5,0.05,3.039084521636955,2.352800577519874,1.8330121390955991,0.3290464588531305,0.4250253972030713,0.545550124121598,1.2996219801778
10,1.0,0.7,0.5,0.7,0.5,0.05,3.3890099101204996,2.560428725817748,1.9590679123287593,0.29507142986325585,0.3905595925856599,0.5104468271400006,1.1960778495889164
12.5,1.0,0.7,0.5,0.7,0.5,0.05,3.7194117797962156,2.747870508755963,2.069277674792401,0.26885971739724646,0.3639181674731564,0.48326042086175036,1.1160383057321532
15,1.0,0.7,0.5,0.7,0.5,0.05,3.974155570254591,2.886751729299632,2.1486289191907235,0.25162578120612883,0.34641011551160117,0.465413078576941,1.063448975294671
17.5,1.0,0.7,0.5,0.7,0.5,0.05,4.1763903698832845,2.9935852029905323,2.2089736489202676,0.2394412187163305,0.33404761588246085,0.45269892671141354,1.0261877613102048
20,1.0,0.7,0.5,0.7,0.5,0.05,4.342209013103379,3.0823292341413144,2.2563576508080545,0.2302975275907549,0.3244299761763066,0.4431921506955587,0.9979196544626201
0.5,1.0,0.7,0.3,0.7,0.3,0.03,-0.5527920397054469,-0.5809380655528018,-0.7032636377152097,-1.8089985531138368,-1.7213538917413382,-1.4219418527720826,-4.952294297627258
1.25,1.0,0.7,0.3,0.7,0.3,0.03,0.2397194095361574,0.2348849772654616,0.21955627686456905,4.1715437307931795,4.25740297077332,4.554640907018292,12.983587608584791
1.5,1.0,0.7,0.3,0.7,0.3,0.03,0.46124771439627515,0.44374681458727205,0.3922046639725622,2.1680324233343793,2.2535373035412047,2.549689210401531,6.971258937277115
1.75,1.0,0.7,0.3,0.7,0.3,0.03,0.66735015006491,0.6314437694025596,0.5322632240848016,1.4984637373689578,1.583672289531259,1.878769666492452,4.960905693392668
2,1.0,0.7,0.3,0.7,0.3,0.03,0.8600604383335346,0.8014979999315426,0.6486071521770953,1.1627089858215247,1.2476637497353853,1.541765299138978,3.9521380346958885
3,1.0,0.7,0.3,0.7,0.3,0.03,1.524350031408488,1.3509466237958496,0.9699248975055821,0.6560173053403013,0.7402216952067505,1.0310076610794958,2.4272466616265476
5,1.0,0.7,0.3,0.7,0.3,0.03,2.5052795578810816,2.072636608027011,1.3003753905582998,0.39915705089845593,0.4824772447457262,0.7690087087626771,1.6506430044068592
8,1.0,0.7,0.3,0.7,0.3,0.03,3.482273769569568,2.7043532601399165,1.5318132257957042,0.28716869096814485,0.36977417659860845,0.6528211032259155,1.3097639707926687
10,1.0,0.7,0.3,0.7,0.3,0.03,3.9444735199573375,2.977639382426758,1.6196133825570147,0.25351925800501146,0.3358365038767744,0.6174313022909326,1.2067870641727185
12.5,1.0,0.7,0.3,0.7,0.3,0.03,4.393208778366923,3.2288542829953815,1.6950384319333305,0.22762405577540695,0.3097073798797474,0.5899571249599443,1.1272885606150989
15,1.0,0.7,0.3,0.7,0.3,0.03,4.745886398697149,3.416943445563789,1.7486761518425078,0.21070879409893212,0.29265921895731056,0.5718611756364044,1.075229188692647
17.5,1.0,0.7,0.3,0.7,0.3,0.03,5.038759554611106,3.5638787348186844,1.789400833296174,0.1984615437910453,0.28059316110565585,0.5588462804937592,1.0379009853904604
20,1.0,0.7,0.3,0.7,0.3,0.03,5.281796353488833,3.6834634526553844,1.8220428204672703,0.18932952599345504,0.2714836221000392,0.5488345217614292,1.0096476698549235
0.5,1.0,0.7,0.2,0.7,0.2,0.02,-0.5405765506674599,-0.560459959937459,-0.7553524252817093,-1.8498767635504747,-1.7842487804331084,-1.323885336870467,-4.95801088085405
1.25,1.0,0.7,0.2,0.7,0.2,0.02,0.24189937069406567,0.23823853455718177,0.21483884687497803,4.1339503990058635,4.197473770810074,4.6546516821603205,12.986075851976258
1.5,1.0,0.7,0.2,0.7,0.2,0.02,0.46928854698030054,0.4557771144375975,0.3773730449870779,2.1308851588955937,2.194054875339544,2.649897795520192,6.974837829755329
1.75,1.0,0.7,0.2,0.7,0.2,0.02,0.6841238827311457,0.655902686297138,0.505256659308055,1.4617235638782555,1.5246164116897343,1.97919212261248,4.96553209818047
2,1.0,0.7,0.2,0.7,0.2,0.02,0.8878533095616454,0.841055998809829,0.6088728950245546,1.1263121838152792,1.1889814725952748,1.6423789072753388,3.9576725636858927
3,1.0,0.7,0.2,0.7,0.2,0.02,1.6114868850150559,1.464942983795462,0.8832471758832454,0.6205449199114377,0.6826204234987632,1.1321859014154243,2.4353512448256254
5,1.0,0.7,0.2,0.7,0.2,0.02,2.7431167451472196,2.34730307624964,1.148322628212564,0.3645488300011567,0.4260208279527889,0.8708354041203233,1.661405062074269
8,1.0,0.7,0.2,0.7,0.2,0.02,3.9510354571836013,3.1835541529819262,1.3241378736802771,0.253098209529313,0.3141143363505641,0.755208366044711,1.322420911924588
10,1.0,0.7,0.2,0.7,0.2,0.02,4.552836877357768,3.5654406171670474,1.3886972294490916,0.21964327449841525,0.2804702440380451,0.7200993699661292,1.2202128885025896
12.5,1.0,0.7,0.2,0.7,0.2,0.02,5.156711754760731,3.9281108607214583,1.4430926856179096,0.19392202774894088,0.25457529979597737,0.6929561835952455,1.1414535111401638
15,1.0,0.7,0.2,0.7,0.2,0.02,5.646075037071529,4.207451052572883,1.4810081903585741,0.17711418878320007,0.23767359085223194,0.6752157121817707,1.0900034918172028
17.5,1.0,0.7,0.2,0.7,0.2,0.02,6.056637731474516,4.433178002906509,1.5091420985384845,0.16510810854730543,0.22557181312015298,0.6626281255876708,1.0533080472551293
20,1.0,0.7,0.2,0.7,0.2,0.02,6.42043798968854,4.62467419407136,1.531008525713123,0.1557526140126323,0.21623144853792262,0.6531642268511951,1.02514828940175
0.5,1.0,0.5,0.5,0.5,0.5,0.05,-0.559232508567537,-0.6328571829702264,-0.6328571829702264,-1.7881650023556037,-1.5801353400251228,-1.5801353400251228,-4.948435682405849
1.25,1.0,0.5,0.5,0.5,0.5,0.05,0.23862920558862893,0.22746971050375564,0.22746971050375567,4.1906018902141104,4.396189707128015,4.396189707128015,12.98298130447014
1.5,1.0,0.5,0.5,0.5,0.5,0.05,0.45733720624352187,0.41817108914335155,0.41817108914335155,2.1865704043933007,2.3913657016523064,2.3913657016523064,6.969301807697914
1.75,1.0,0.5,0.5,0.5,0.5,0.05,0.6593548937187215,0.581161046196918,0.5811610461969182,1.5166339243499973,1.7206934403878895,1.7206934403878889,4.958020805125775
2,1.0,0.5,0.5,0.5,0.5,0.05,0.8470348681186199,0.7225587294637693,0.7225587294637685,1.1805889434293733,1.3839705469230543,1.3839705469230557,3.948530037275483
3,1.0,0.5,0.5,0.5,0.5,0.05,1.4855634189046123,1.1437477393420588,1.1437477393420585,0.6731452775926289,0.8743186680091278,0.874318668009128,2.4217826136108846
5,1.0,0.5,0.5,0.5,0.5,0.05,2.406270409188363,1.628862701212157,1.6288627012121564,0.4155808907350944,0.613925286186384,0.6139252861863842,1.6434314631078626
8,1.0,0.5,0.5,0.5,0.5,0.05,3.2990775578667635,2.003552211854053,2.0035522118540507,0.3031150321445053,0.49911352151617605,0.4991135215161766,1.301342075176858
10,1.0,0.5,0.5,0.5,0.5,0.05,3.713866081013278,2.153795652476735,2.1537956524767354,0.269261189872297,0.46429660067799855,0.4642966006779985,1.1978543912282942
12.5,1.0,0.5,0.5,0.5,0.5,0.05,4.112939534539043,2.2865003075127572,2.286500307512757,0.24313510850386835,0.43734960223460223,0.4373496022346023,1.117834312973073
15,1.0,0.5,0.5,0.5,0.5,0.05,4.424121686626192,2.3828815760919086,2.382881950868086,0.2260335657183503,0.4196599654944118,0.41965989949090815,1.0653534307036703
17.5,1.0,0.5,0.5,0.5,0.5,0.05,4.674165323804309,2.4566747422671704,2.4566877252645174,0.21394194058718033,0.4070542928597615,0.40705214167678866,1.0280483751237306
20,1.0,0.5,0.5,0.5,0.5,0.05,5.009105319654226,2.5147833046750567,2.514787909732951,0.19963644926296523,0.39764857597907954,0.39764784780844264,0.9949328730504874
0.5,1.0,0.5,0.3,0.5,0.3,0.03,-0.5521472601705834,-0.5932241660868985,-0.6879094825151302,-1.8111110425342953,-1.6857034105611854,-1.453679627069257,-4.950494080164738
1.25,1.0,0.5,0.3,0.5,0.3,0.03,0.23988576469978262,0.23306507325063097,0.22115558856299045,4.168650862845078,4.2906471830064,4.52170350520071,12.981001551052188
1.5,1.0,0.5,0.3,0.5,0.3,0.03,0.4617730713900358,0.4372978934615451,0.3972737740508116,2.1655658633141726,2.2867706772704532,2.517155838915506,6.969492379500132
1.75,1.0,0.5,0.3,0.5,0.3,0.03,0.6683684142911076,0.6185434161501094,0.5415891508878578,1.4961808167739812,1.6167013889245212,1.846418079757771,4.9593002854562735
2,1.0,0.5,0.3,0.5,0.3,0.03,0.861664798703067,0.7809661780036361,0.6624526197639596,1.1605441019583809,1.2804651829561613,1.5095419206830412,3.9505512055975833
3,1.0,0.5,0.3,0.5,0.3,0.03,1.528756232841088,1.2949618438672048,1.0008555135422776,0.6541265235868043,0.7722235251454618,0.9991452177355253,2.4254952664677916
5,1.0,0.5,0.3,0.5,0.3,0.03,2.515451729873948,1.947706505395269,1.3557332576890702,0.397542909738169,0.5134243774562222,0.7376082236888994,1.6485755108832907
8,1.0,0.5,0.3,0.5,0.3,0.03,3.4991916657342768,2.501661291080496,1.6081265243662681,0.2857802874282276,0.3997343699426586,0.6218416180866619,1.307356275457548
10,1.0,0.5,0.3,0.5,0.3,0.03,3.96444158722381,2.7378532208513016,1.7045770655064871,0.2522423342603145,0.3652496753237423,0.5866557870781081,1.204147796662165
12.5,1.0,0.5,0.3,0.5,0.3,0.03,4.415254854175619,2.955913359357278,1.7875863654677682,0.2264874923480973,0.3383049089833391,0.559413530623078,1.1242059319545143
15,1.0,0.5,0.3,0.5,0.3,0.03,4.767843890997064,3.12340059408393,1.8465248897450848,0.20973841066572282,0.32016386303252675,0.5415578233218677,1.0714600970201174
17.5,1.0,0.5,0.3,0.5,0.3,0.03,5.053157948332961,3.2459275385326603,1.890943580561116,0.1978960503955552,0.3080783499104406,0.5288365080164165,1.0348109083224122
20,1.0,0.5,0.3,0.5,0.3,0.03,5.289247425394999,3.4027641498781587,1.9263013303519148,0.18906281358643767,0.2938787279852489,0.519129579699408,1.0020711212710944
0.5,1.0,0.5,0.2,0.5,0.2,0.02,-0.5366004058648527,-0.5797789024113557,-0.7310026117163843,-1.8635841290285167,-1.724795427775838,-1.367984168554492,-4.956363725358846
1.25,1.0,0.5,0.2,0.5,0.2,0.02,0.2426996334100144,0.235008220443433,0.2169175776911448,4.120319367399331,4.255170300481902,4.610045947607974,12.985535615489207
1.5,1.0,0.5,0.2,0.5,0.2,0.02,0.47230957583589567,0.44416796624855387,0.3838460034168415,2.1172554001900035,2.2514005421102468,2.605211441824079,6.973867384124329
1.75,1.0,0.5,0.2,0.5,0.2,0.02,0.6905631395061076,0.6322421158937802,0.5169442835549729,1.4480935091832476,1.5816725505328484,1.9344444494542088,4.964210509170305
2,1.0,0.5,0.2,0.5,0.2,0.02,0.8987296673516815,0.8027011019075775,0.6259454788626219,1.1126816397935715,1.2457937302235564,1.5975832301194286,3.9560586001365565
3,1.0,0.5,0.2,0.5,0.2,0.02,1.6476709309470878,1.3536525930545773,0.9197332713564539,0.6069173044311682,0.7387419823453043,1.0872717462152544,2.4329310329917266
5,1.0,0.5,0.2,0.5,0.2,0.02,2.8494518026630815,2.07728011650701,1.2109212910957465,0.35094469717487614,0.4813987252145469,0.8258175055251636,1.6581609279145866
8,1.0,0.5,0.2,0.5,0.2,0.02,4.174812483955062,2.7104812892846275,1.4082172646495543,0.23953171641679036,0.36893816753257436,0.7101176963974076,1.3185875803467724
10,1.0,0.5,0.2,0.5,0.2,0.02,4.8521590339484355,2.984442542730278,1.481537341098044,0.20609382194677403,0.33507095066576925,0.6749745499218051,1.2161393225343482
12.5,1.0,0.5,0.2,0.5,0.2,0.02,5.543887313375936,3.2365181248912744,1.5437029616400384,0.1803788467321953,0.3089740151026015,0.6477930177302987,1.1371458795650955
15,1.0,0.5,0.2,0.5,0.2,0.02,6.112394765641591,3.4256244517919585,1.5872668852818808,0.16360199861780925,0.2919175800128633,0.6300137735327422,1.0855333521634147
17.5,1.0,0.5,0.2,0.5,0.2,0.02,6.593534133063899,3.5742410132243467,1.6197313337447985,0.15166373295702007,0.27977967806314585,0.6173863400469093,1.0488297510670752
20,1.0,0.5,0.2,0.5,0.2,0.02,7.031048300500413,3.699168073120387,1.6450494914243448,0.14222630214740925,0.2703310528835913,0.6078844467677158,1.0204418017987162
0.5,1.0,0.3,0.3,0.3,0.3,0.03,-0.5397096459499751,-0.6451758216818415,-0.6451758216818421,-1.852848114729987,-1.549965089195693,-1.5499650891956918,-4.952778293121372
1.25,1.0,0.3,0.3,0.3,0.3,0.03,0.24215097458249185,0.22587841639592765,0.22587841639592773,4.1296550704541435,4.427160487291379,4.427160487291377,12.9839760450369
1.5,1.0,0.3,0.3,0.3,0.3,0.03,0.4702680748371996,0.4127816076013695,0.41278160760136956,2.126446708818553,2.422588559143647,2.4225885591436467,6.971623827105846
1.75,1.0,0.3,0.3,0.3,0.3,0.03,0.6862737385443859,0.5707480048899524,0.5707480048899525,1.4571444947333116,1.75208672029053,1.7520867202905297,4.961317935314371
2,1.0,0.3,0.3,0.3,0.3,0.03,0.8915703354736652,0.7064659522904934,0.7064659522904935,1.1216165009221952,1.4154963827454317,1.4154963827454314,3.952609266413058
3,1.0,0.3,0.3,0.3,0.3,0.03,1.6245234799608568,1.1035251576105582,1.1035251576105582,0.6155651256109239,0.9061868622599241,0.9061868622599241,2.427938850130772
5,1.0,0.3,0.3,0.3,0.3,0.03,2.7825837952835704,1.5477066355565527,1.5477066355565527,0.35937821592110974,0.6461172789637887,0.6461172789637887,1.651612773848687
8,1.0,0.3,0.3,0.3,0.3,0.03,4.034477942511852,1.8814232517117564,1.8814232517117566,0.24786354374697692,0.5315125127162004,0.5315125127162004,1.3108885691793777
10,1.0,0.3,0.3,0.3,0.3,0.03,4.6643772036581606,2.0130211715347905,2.013021171534789,0.21439089429039393,0.49676576388790217,0.4967657638879025,1.2079224220661986
12.5,1.0,0.3,0.3,0.3,0.3,0.03,5.300888667078158,2.128261386251024,2.128261386251023,0.18864761416526762,0.46986709736886245,0.4698670973688627,1.1283818089029927
15,1.0,0.3,0.3,0.3,0.3,0.03,5.822034418872667,2.211471849857593,2.2114719118120565,0.17176126557383564,0.4521875329610886,0.452187520293039,1.0761363188279631
17.5,1.0,0.3,0.3,0.3,0.3,0.03,6.272772347217553,2.2750605337226784,2.2750725092732207,0.15941914430284965,0.43954874394647486,0.43954643024518514,1.0385143184945096
20,1.0,0.3,0.3,0.3,0.3,0.03,6.629683689683292,2.325779481207765,2.3257804041905694,0.15083675885715916,0.4299633770441148,0.42996320641373076,1.0107633423150046
0.5,1.0,0.3,0.2,0.3,0.2,0.02,-0.5300988857776616,-0.6177656675155512,-0.6894466732765571,-1.8864404865386344,-1.6187367679749325,-1.450438502005609,-4.955615756519176
1.25,1.0,0.3,0.2,0.3,0.2,0.02,0.24400111738963884,0.229379282028048,0.22087954544983573,4.098341887521469,4.359591638610684,4.527354481662999,12.985288007795152
1.5,1.0,0.3,0.2,0.3,0.2,0.02,0.4772287077316142,0.42456156299955283,0.3964125655494248,2.0954313598468266,2.355371016007526,2.5226243739625347,6.973426749816888
1.75,1.0,0.3,0.2,0.3,0.2,0.02,0.7010695821767772,0.593386169228367,0.5399621945590706,1.4263919380085819,1.6852431887659083,1.8519815092176835,4.963616635992174
2,1.0,0.3,0.2,0.3,0.2,0.02,0.9165226734786794,0.7412846529578988,0.6599566852823893,1.091080481625709,1.349009447328724,1.5152509585869403,3.9553408875413734
3,1.0,0.3,0.2,0.3,0.2,0.02,1.7076891651401114,1.1892372937204971,0.994598062727671,0.5855866632016445,0.840875076219252,1.0054312766883078,2.4318930161092043
5,1.0,0.3,0.2,0.3,0.2,0.02,3.0314444745342475,1.7173985441759476,1.3428723563830598,0.3298757435277255,0.5822760263720999,0.7446724145051549,1.6568241844049802
8,1.0,0.3,0.2,0.3,0.2,0.02,4.574151744120202,2.1328458113982345,1.5884421351494298,0.2186197695092735,0.4688571460045805,0.6295476415991237,1.3170245571129777
10,1.0,0.3,0.2,0.3,0.2,0.02,5.398853615821756,2.3009283121081303,1.6817201438718858,0.18522450711933047,0.4346071951645427,0.5946292572185425,1.2144609595024156
12.5,1.0,0.3,0.2,0.3,0.2,0.02,6.268871650776609,2.4499375375082075,1.7617016559002798,0.15951834009492227,0.40817367165086343,0.5676330022457585,1.1353250139915443
15,1.0,0.3,0.2,0.3,0.2,0.02,7.008797583365049,2.558373491176767,1.8182888186319188,0.14267782570485965,0.390873343336603,0.5499676342685759,1.0835188033100387
17.5,1.0,0.3,0.2,0.3,0.2,0.02,7.651344769284504,2.6415825858821043,1.8607635762985963,0.13069597961581758,0.3785609449973224,0.5374137868654896,1.0466707114786296
20,1.0,0.3,0.2,0.3,0.2,0.02,8.250468115540261,2.7084784622128355,1.8939981054516726,0.1212052438717312,0.3692109846732903,0.5279836326771427,1.018399861222164
0.5,1.0,0.2,0.2,0.2,0.2,0.02,-0.5248176395657485,-0.6554101390895898,-0.6554101390895898,-1.905423759817664,-1.5257621760155702,-1.5257621760155702,-4.956948111848805
1.25,1.0,0.2,0.2,0.2,0.2,0.02,0.24504856099564085,0.22459529385275598,0.224595293852756,4.080823800543717,4.4524530449671715,4.452453044967171,12.985729890478058
1.5,1.0,0.2,0.2,0.2,0.2,0.02,0.4811906501720589,0.40849265587328554,0.4084926558732857,2.0781783678515593,2.4480244274212852,2.4480244274212843,6.974227222694129
1.75,1.0,0.2,0.2,0.2,0.2,0.02,0.7095473045951786,0.5625299181666221,0.5625299181666219,1.4093493041602558,1.7776832266258213,1.777683226625822,4.964715757411899
2,1.0,0.2,0.2,0.2,0.2,0.02,0.9309180925498836,0.6938457395764597,0.6938457395764597,1.0742083626937509,1.441242545656365,1.441242545656365,3.9566934540064804
3,1.0,0.2,0.2,0.2,0.2,0.02,1.7569856250266198,1.0724943687303343,1.0724943687303337,0.5691566201543904,0.9324058280919868,0.9324058280919874,2.4339682763383648
5,1.0,0.2,0.2,0.2,0.2,0.02,3.1864553623808143,1.48607410009828,1.4860741000982818,0.3138283409853992,0.6729139549191161,0.6729139549191153,1.6596562508236308
8,1.0,0.2,0.2,0.2,0.2,0.02,4.931930761555218,1.7895692297379278,1.7895692297379282,0.20276034850186408,0.5587936936904332,0.558793693690433,1.3203477358827302
10,1.0,0.2,0.2,0.2,0.2,0.02,5.903084252025861,1.9074225229264559,1.907422522926454,0.1694029692455792,0.5242676900269342,0.5242676900269347,1.2179383492994482
12.5,1.0,0.2,0.2,0.2,0.2,0.02,6.959535815526453,2.0096353702785485,2.0096353702785477,0.1436877439108854,0.4976027068340231,0.4976027068340233,1.1388931575789316
15,1.0,0.2,0.2,0.2,0.2,0.02,7.88462345047713,2.0826474622578677,2.0826474622578672,0.12682913854807942,0.48015807673751304,0.48015807673751315,1.0871452920231055
17.5,1.0,0.2,0.2,0.2,0.2,0.02,8.713111702933748,2.137887255162114,2.137887236556204,0.11476956041586096,0.46775151383002694,0.4677515179008416,1.0502725921467295
20,1.0,0.2,0.2,0.2,0.2,0.02,9.452140786845012,2.181783620523067,2.1817891556628215,0.1057961389436504,0.45834059372040625,0.45833943092278445,1.0224761635868411
