er,sx,sy,sz,u (sy/sx),v (sz/sx),d,Pxx,Pyy,Pzz,Nx,Ny,Nz,N_sum
0.5,1.0,1.0,1.0,1.0,1.0,0.1,-0.606548228232419,-0.6065482282324174,-0.6065482282324174,-1.648673515895288,-1.6486735158952928,-1.6486735158952928,-4.946020547685874
1.25,1.0,1.0,1.0,1.0,1.0,0.1,0.2310853522598327,0.2310853522598329,0.23108535225983295,4.327405394676849,4.327405394676846,4.327405394676844,12.982216184030538
1.5,1.0,1.0,1.0,1.0,1.0,0.1,0.43054323288945856,0.4305432328894577,0.43054323288945756,2.322647120217887,2.3226471202178915,2.3226471202178924,6.967941360653671
1.75,1.0,1.0,1.0,1.0,1.0,0.1,0.6053042172878063,0.6053042172878037,0.6053042172878043,1.6520618416979016,1.6520618416979085,1.652061841697907,4.956185525093717
2,1.0,1.0,1.0,1.0,1.0,0.1,0.7602041879102085,0.7602041879102075,0.760204187910207,1.315436057711004,1.3154360577110058,1.3154360577110065,3.9463081731330165
3,1.0,1.0,1.0,1.0,1.0,0.1,1.2404158117499908,1.2404158117499906,1.2404158117499913,0.8061812744785881,0.8061812744785882,0.8061812744785878,2.418543823435764
5,1.0,1.0,1.0,1.0,1.0,0.1,1.8301198782369732,1.8301198782369685,1.830119878236969,0.5464122934740971,0.5464122934740986,0.5464122934740985,1.639236880422294
8,1.0,1.0,1.0,1.0,1.0,0.1,2.3139341133214115,2.3139341133214155,2.3139341133214177,0.43216442259222504,0.43216442259222426,0.4321644225922239,1.2964932677766732
10,1.0,1.0,1.0,1.0,1.0,0.1,2.515242495185068,2.5152424951850727,2.5152424951850723,0.39757598001556566,0.3975759800155649,0.39757598001556493,1.1927279400466955
12.5,1.0,1.0,1.0,1.0,1.0,0.1,2.696784140604423,2.6967841406044193,2.696784140604419,0.37081202938840807,0.3708120293884085,0.3708120293884086,1.112436088165225
15,1.0,1.0,1.0,1.0,1.0,0.1,2.8313314349920717,2.8313314362895827,2.8313314348015366,0.35319072420880326,0.35319072404694696,0.3531907242325713,1.0595721724883216
17.5,1.0,1.0,1.0,1.0,1.0,0.1,2.936297781912842,2.9362977383047415,2.9362977502019687,0.3405649134634271,0.3405649185212892,0.3405649171413957,1.021694749126112
20,1.0,1.0,1.0,1.0,1.0,0.1,3.0164428611024556,3.016443006446961,3.0164427454764073,0.3315163077992195,0.33151629182541403,0.3315163205068768,0.9945489201315103
0.5,1.0,1.0,0.7,1.0,0.7,0.06999999999999999,-0.41642682345937515,-0.4164268234593749,-0.44199544187225553,-1.680967604788045,-1.6809676047880462,-1.583726739431653,-4.945661949007745
1.25,1.0,1.0,0.7,1.0,0.7,0.06999999999999999,0.16298877456651378,0.1629887745665132,0.15941726375920734,4.294774298792818,4.2947742987928335,4.390992440174601,12.980541037760252
1.5,1.0,1.0,0.7,1.0,0.7,0.06999999999999999,0.30561392253468295,0.30561392253468167,0.2933535950745424,2.290471566852651,2.2904715668526605,2.3861988117859165,6.967141945491228
1.75,1.0,1.0,0.7,1.0,0.7,0.06999999999999999,0.43205865893345713,0.4320586589334565,0.4080683861757032,1.6201503789507652,1.6201503789507674,1.71539875107747,4.955699508979002
2,1.0,1.0,0.7,1.0,0.7,0.06999999999999999,0.5452855702456973,0.5452855702456982,0.5077893940522934,1.283731017647488,1.283731017647486,1.3785242626156784,3.945986297910652
3,1.0,1.0,0.7,1.0,0.7,0.06999999999999999,0.9031413507563737,0.903141350756373,0.8061516943536458,0.7750724727793225,0.775072472779323,0.8683229284300447,2.41846787398869
5,1.0,1.0,0.7,1.0,0.7,0.06999999999999999,1.3565285377252714,1.3565285377252734,1.1528309678514594,0.5160230548292131,0.5160230548292123,0.6072008989354231,1.6392470085938484
8,1.0,1.0,0.7,1.0,0.7,0.06999999999999999,1.7395783365483146,1.7395783365483124,1.4235908650736155,0.40239636542551205,0.40239636542551255,0.4917143100407589,1.2965070408917834
10,1.0,1.0,0.7,1.0,0.7,0.06999999999999999,1.901667927884803,1.9016679278848079,1.5333109107737044,0.3680979153803154,0.36809791538031444,0.45652841513191994,1.1927242458925498
12.5,1.0,1.0,0.7,1.0,0.7,0.06999999999999999,2.0489331745564314,2.048933174556432,1.6317313198941905,0.34164120562474726,0.3416412056247472,0.42899219464966293,1.1122746058991573
15,1.0,1.0,0.7,1.0,0.7,0.06999999999999999,2.1577558619992945,2.15775587684946,1.7046047408432263,0.32441112191043087,0.32441111967775993,0.41065238364509477,1.0594746252332856
17.5,1.0,1.0,0.7,1.0,0.7,0.06999999999999999,2.242041480906892,2.2420418220643152,1.7618466680008573,0.31221545451373817,0.3122154070058733,0.3973103975014353,1.0217412590210468
20,1.0,1.0,0.7,1.0,0.7,0.06999999999999999,2.30807130634314,2.3080696666505967,1.8196372433644479,0.30328352424651267,0.30328373970436495,0.38469206021840024,0.991259324169278
0.5,1.0,1.0,0.5,1.0,0.5,0.05,-0.28860755786430325,-0.2886075578643039,-0.33700802820252607,-1.7324563628894594,-1.7324563628894554,-1.4836441810208847,-4.9485569067998
1.25,1.0,1.0,0.5,1.0,0.5,0.05,0.11777541348039157,0.11777541348039157,0.11130205434666146,4.245368241337102,4.245368241337102,4.492280065583512,12.983016548257716
1.5,1.0,1.0,0.5,1.0,0.5,0.05,0.22310295269346442,0.22310295269346517,0.20103552319988682,2.2411178066611352,2.2411178066611277,2.48712263405735,6.969358247379613
1.75,1.0,1.0,0.5,1.0,0.5,0.05,0.3182711166810062,0.3182711166810086,0.2753132655372552,1.5709876699277594,1.5709876699277476,1.8161129977674118,4.958088337622918
2,1.0,1.0,0.5,1.0,0.5,0.05,0.40493401230149517,0.4049340123014996,0.33805172459784205,1.23476908535834,1.2347690853583264,1.479063597722559,3.9486017684392256
3,1.0,1.0,0.5,1.0,0.5,0.05,0.6879721865038456,0.6879721865038411,0.5163725570150297,0.7267735670258889,0.7267735670258937,0.9682931310105367,2.421840265062319
5,1.0,1.0,0.5,1.0,0.5,0.05,1.0672198309368233,1.06721983093683,0.7077753631186237,0.46850703623178713,0.4685070362317842,0.7064388308133291,1.6434529032769005
8,1.0,1.0,0.5,1.0,0.5,0.05,1.4066066526247887,1.4066066526247907,0.8468006259056226,0.3554654025466028,0.3554654025466023,0.590457759127502,1.301388564220707
10,1.0,1.0,0.5,1.0,0.5,0.05,1.555755459899479,1.555755459899481,0.900601554661443,0.3213872699712757,0.32138726997127526,0.5551844735466414,1.1979590134891924
12.5,1.0,1.0,0.5,1.0,0.5,0.05,1.6943839529403906,1.6943838894310677,0.94722550505838,0.2950925019871162,0.29509251304784756,0.5278574081144317,1.1180424231493955
15,1.0,1.0,0.5,1.0,0.5,0.05,1.7994860117792333,1.7994860057067914,0.9803350908091829,0.27785711960362913,0.27785712054126976,0.5100296874890938,1.0657439276339926
17.5,1.0,1.0,0.5,1.0,0.5,0.05,1.8817932481879127,1.8817931082913584,1.0054361022892004,0.26570400360479496,0.26570402335780313,0.49729664457203027,1.0287046715346282
20,1.0,1.0,0.5,1.0,0.5,0.05,1.9552283827044403,1.9552257462602953,1.0249206754038738,0.2557246020070597,0.2557249468284344,0.4878426321168447,0.9992921809523387
0.5,1.0,1.0,0.3,1.0,0.3,0.03,-0.16772393974449779,-0.16772393974449762,-0.21785274168301047,-1.7886534293017735,-1.7886534293017753,-1.3770770001899677,-4.954383858793516
1.25,1.0,1.0,0.3,1.0,0.3,0.03,0.07156216961048945,0.07156216961048939,0.06521479900934117,4.192159092337337,4.19215909233734,4.600182850475839,12.984501035150515
1.5,1.0,1.0,0.3,1.0,0.3,0.03,0.13707092599058027,0.13707092599057946,0.1155953314729987,2.1886479414359283,2.188647941435941,2.5952605194101235,6.9725564022819935
1.75,1.0,1.0,0.3,1.0,0.3,0.03,0.19748546422997706,0.1974854642299768,0.15589466922877762,1.5190991457003744,1.5190991457003764,1.9243762566361122,4.962574548036863
2,1.0,1.0,0.3,1.0,0.3,0.03,0.2535145304604429,0.25351453046044403,0.1889882793331326,1.1833641229760217,1.1833641229760166,1.5874000285022187,3.9541282744542574
3,1.0,1.0,0.3,1.0,0.3,0.03,0.4433155850629169,0.44331558506291496,0.2786282960174321,0.6767188208766063,0.6767188208766093,1.0767032792004398,2.4301409209536553
5,1.0,1.0,0.3,1.0,0.3,0.03,0.7145234347174415,0.7145234347174426,0.3682134880483958,0.4198602668905255,0.41986026689052486,0.8147447329810192,1.6544652667620696
8,1.0,1.0,0.3,1.0,0.3,0.03,0.9745705068863297,0.9745705068863287,0.4294321359461846,0.30782790765798423,0.30782790765798457,0.6985969956323792,1.314252810948348
10,1.0,1.0,0.3,1.0,0.3,0.03,1.0942686314477459,1.0942686314477492,0.45232404891166916,0.2741557158621025,0.2741557158621017,0.6632413216184856,1.2115527533426897
12.5,1.0,1.0,0.3,1.0,0.3,0.03,1.2084516500107303,1.2084516500107354,0.47182743704216973,0.24825155395942913,0.24825155395942808,0.6358256778805922,1.1323287857994493
15,1.0,1.0,0.3,1.0,0.3,0.03,1.2966588133287098,1.2966587915691157,0.4855791112602531,0.23136386913520976,0.2313638730177916,0.6178189980647885,1.0805467402177897
17.5,1.0,1.0,0.3,1.0,0.3,0.03,1.3675697497500914,1.367569756175897,0.49590516376304045,0.21936723889572854,0.2193672378649868,0.6049543782192792,1.0436888549799945
20,1.0,1.0,0.3,1.0,0.3,0.03,1.4270795552726905,1.4270793578441943,0.5040223997147705,0.2102195346374191,0.21021956372012313,0.595211641724201,1.0156507400817434
0.5,1.0,1.0,0.2,1.0,0.2,0.02,-0.10887227846768054,-0.10887227846768091,-0.15546476757968447,-1.8370149207391793,-1.8370149207391728,-1.2864651143384542,-4.960494955816806
1.25,1.0,1.0,0.2,1.0,0.2,0.02,0.04822770035756117,0.04822770035756155,0.04261753265250766,4.146994331415263,4.14699433141523,4.69290424743141,12.986892910261904
1.5,1.0,1.0,0.2,1.0,0.2,0.02,0.09328425374437342,0.09328425374437348,0.07439539787399739,2.143984563011668,2.1439845630116667,2.688338334297743,6.9763074603210775
1.75,1.0,1.0,0.2,1.0,0.2,0.02,0.13560502622022189,0.1356050262202214,0.09911820748839141,1.4748715853290055,1.4748715853290109,2.0177927453280846,4.967535915986101
2,1.0,1.0,0.2,1.0,0.2,0.02,0.17551521523919358,0.17551521523919128,0.11896847506418211,1.1395023487134057,1.1395023487134206,1.6811176229005402,3.9601223203273666
3,1.0,1.0,0.2,1.0,0.2,0.02,0.3155305969663528,0.315530596966355,0.17074609937767374,0.6338529509432246,0.6338529509432203,1.1713298325932442,2.439035734479689
5,1.0,1.0,0.2,1.0,0.2,0.02,0.5291582767285142,0.5291582767285149,0.2196753690188953,0.3779587484419344,0.3779587484419339,0.9104343417891201,1.6663518386729883
8,1.0,1.0,0.2,1.0,0.2,0.02,0.7503369178266068,0.750336917826612,0.25152250655743597,0.2665469274513525,0.26654692745135067,0.7951574701500097,1.3282513250527128
10,1.0,1.0,0.2,1.0,0.2,0.02,0.8580101688685297,0.8580101688685334,0.263090837374903,0.23309747046907717,0.23309747046907614,0.7601937110223307,1.2263886519604839
12.5,1.0,1.0,0.2,1.0,0.2,0.02,0.9644249790226768,0.9644249786641588,0.2727818219204154,0.20737745739712676,0.20737745747421782,0.7331866859454821,1.1479416008168266
15,1.0,1.0,0.2,1.0,0.2,0.02,1.0492988563592571,1.0493013163679101,0.2795028895846596,0.19060346705602846,0.19060302020041994,0.7155561085511474,1.0967625958075957
17.5,1.0,1.0,0.2,1.0,0.2,0.02,1.119619728342235,1.1196197281346165,0.28446985752529647,0.1786320792115105,0.17863207924463545,0.7030621864118416,1.0603263448679876
20,1.0,1.0,0.2,1.0,0.2,0.02,1.1814754643141254,1.1814746393417082,0.2883170901760375,0.16927985899064332,0.16927997719141533,0.6936806967560827,1.0322405329381414
0.5,1.0,0.7,0.7,0.7,0.7,0.06999999999999999,-0.28720727532162504,-0.3024905495392513,-0.30249054953925136,-1.706084915332595,-1.619885317892939,-1.6198853178929387,-4.9458555511184725
1.25,1.0,0.7,0.7,0.7,0.7,0.06999999999999999,0.11474963322769521,0.11250872875473637,0.11250872875473635,4.270166154062589,4.355217638874726,4.355217638874727,12.980601431812042
1.5,1.0,0.7,0.7,0.7,0.7,0.06999999999999999,0.21623740533498442,0.20845584590829025,0.20845584590829036,2.2660279300008983,2.350617694912593,2.350617694912592,6.967263319826084
1.75,1.0,0.7,0.7,0.7,0.7,0.06999999999999999,0.3070448795472838,0.2916655014591452,0.2916655014591451,1.5958579108124866,1.6800067116221362,1.6800067116221369,4.955871334056759
2,1.0,0.7,0.7,0.7,0.7,0.06999999999999999,0.3890194714829096,0.3647699800086102,0.3647699800086103,1.2595770544136544,1.3433122977620957,1.3433122977620955,3.9462016499378456
3,1.0,0.7,0.7,0.7,0.7,0.06999999999999999,0.6521455822329192,0.5877251854512809,0.5877251854512808,0.7513659731041349,0.8337229918499351,0.8337229918499354,2.4188119568040056
5,1.0,0.7,0.7,0.7,0.7,0.06999999999999999,0.9941479655580575,0.8545187874086733,0.8545187874086734,0.4928843763462737,0.5734221496591363,0.5734221496591363,1.6397286756645462
8,1.0,0.7,0.7,0.7,0.7,0.06999999999999999,1.2903774038661562,1.0683159970414604,1.06831599704146,0.37973386586892294,0.4586657892954714,0.4586657892954716,1.297065444459866
10,1.0,0.7,0.7,0.7,0.7,0.06999999999999999,1.4176430126862998,1.1561306656459973,1.156130665645997,0.3456441400374105,0.4238275262132317,0.4238275262132318,1.193299192463874
12.5,1.0,0.7,0.7,0.7,0.7,0.06999999999999999,1.53414054676641,1.2349736471303832,1.2349736471303836,0.3193970728645424,0.39676960001420003,0.39676960001419986,1.1129362728929422
15,1.0,0.7,0.7,0.7,0.7,0.06999999999999999,1.6209904195840084,1.2930609229531111,1.2930589735450628,0.30228432819840334,0.3789457954393447,0.378946366735781,1.0601764903735291
17.5,1.0,0.7,0.7,0.7,0.7,0.06999999999999999,1.6902477917576118,1.337430893576397,1.3374347952137244,0.2898983228313946,0.36637407013210294,0.3663730013257933,1.0226453942892908
20,1.0,0.7,0.7,0.7,0.7,0.06999999999999999,1.7435044403058861,1.3729968471197558,1.3730011047185295,0.28104316150409847,0.35688355805616867,0.3568824513804392,0.9948091709407063
0.5,1.0,0.7,0.5,0.7,0.5,0.05,-0.19888231070862905,-0.21112901558724456,-0.22874487630953325,-1.7598347422298644,-1.657754141592016,-1.5300889167300369,-4.947677800551917
1.25,1.0,0.7,0.5,0.7,0.5,0.05,0.08297521631620246,0.081039912144573,0.07872689478844905,4.218126996695228,4.318859568549501,4.445748824979092,12.98273539022382
1.5,1.0,0.7,0.5,0.7,0.5,0.05,0.15809048854826466,0.15123646934519064,0.1434026329332333,2.2139219330272724,2.3142566175698023,2.440680431320645,6.96885898191772
1.75,1.0,0.7,0.5,0.7,0.5,0.05,0.2267077733522251,0.21292032552287973,0.19776570802306212,1.5438376674284635,1.6438073685097296,1.7697709248925264,4.957415960830719
2,1.0,0.7,0.5,0.7,0.5,0.05,0.2898155332191762,0.26772732164061896,0.24427281546520777,1.207664738022543,1.3073002704961838,1.4328241942659032,3.94778920278463
3,1.0,0.7,0.5,0.7,0.5,0.05,0.5001139035415433,0.4383812156579125,0.379432549562372,0.6998405713608126,0.798391873325886,0.9224300877815602,2.420662532468259
5,1.0,0.7,0.5,0.7,0.5,0.05,0.7921423858587662,0.6493575173957044,0.5294215561534062,0.44183975791241487,0.5389942991708181,0.6610988841160508,1.6419329411992838
8,1.0,0.7,0.5,0.7,0.5,0.05,1.0636795825729342,0.8234802021319558,0.6415542486834597,0.3290464588531305,0.4250253972030713,0.545550124121598,1.2996219801778
10,1.0,0.7,0.5,0.7,0.5,0.05,1.1861534685421748,0.8961500540362117,0.6856737693150657,0.29507142986325585,0.3905595925856599,0.5104468271400006,1.1960778495889164
12.5,1.0,0.7,0.5,0.7,0.5,0.05,1.3017941229286754,0.961754678064587,0.7242471861773403,0.26885971739724646,0.36391816747315636,0.4832604208617504,1.1160383057321532
15,1.0,0.7,0.5,0.7,0.5,0.05,1.3909544495891069,1.0103631052548712,0.7520201217167531,0.25162578120612883,0.34641011551160117,0.46541307857694103,1.063448975294671
17.5,1.0,0.7,0.5,0.7,0.5,0.05,1.4617366294591496,1.0477548210466863,0.7731407771220936,0.23944121871633048,0.33404761588246085,0.45269892671141354,1.0261877613102048
20,1.0,0.7,0.5,0.7,0.5,0.05,1.5197731545861828,1.07881523194946,0.789725177782819,0.23029752759075486,0.3244299761763066,0.4431921506955587,0.9979196544626201
0.5,1.0,0.7,0.3,0.7,0.3,0.03,-0.11608632833814383,-0.12199699376608837,-0.14768536392019405,-1.8089985531138368,-1.7213538917413382,-1.4219418527720826,-4.952294297627258
1.25,1.0,0.7,0.3,0.7,0.3,0.03,0.05034107600259305,0.049325845225746935,0.0461068181415595,4.1715437307931795,4.25740297077332,4.554640907018292,12.983587608584791
1.5,1.0,0.7,0.3,0.7,0.3,0.03,0.09686202002321778,0.09318683106332713,0.08236297943423807,2.168032423334379,2.2535373035412047,2.549689210401531,6.971258937277115
1.75,1.0,0.7,0.3,0.7,0.3,0.03,0.1401435315136311,0.1326031915745375,0.11177527705780833,1.498463737368958,1.5836722895312592,1.878769666492452,4.96090569339267
2,1.0,0.7,0.3,0.7,0.3,0.03,0.18061269205004227,0.16831457998562394,0.13620750195719,1.1627089858215247,1.2476637497353853,1.541765299138978,3.9521380346958885
3,1.0,0.7,0.3,0.7,0.3,0.03,0.32011350659578247,0.2836987909971284,0.20368422847617224,0.6560173053403013,0.7402216952067505,1.0310076610794958,2.4272466616265476
5,1.0,0.7,0.3,0.7,0.3,0.03,0.5261087071550271,0.4352536876856723,0.2730788320172429,0.39915705089845593,0.48247724474572623,0.7690087087626771,1.6506430044068594
8,1.0,0.7,0.3,0.7,0.3,0.03,0.7312774916096092,0.5679141846293825,0.3216807774170979,0.28716869096814485,0.36977417659860845,0.6528211032259155,1.3097639707926687
10,1.0,0.7,0.3,0.7,0.3,0.03,0.8283394391910408,0.6253042703096192,0.34011881033697305,0.25351925800501146,0.33583650387677433,0.6174313022909327,1.2067870641727185
12.5,1.0,0.7,0.3,0.7,0.3,0.03,0.922573843457054,0.67805939942903,0.3559580707059994,0.22762405577540692,0.3097073798797474,0.5899571249599443,1.1272885606150986
15,1.0,0.7,0.3,0.7,0.3,0.03,0.9966361437264012,0.7175581235683957,0.3672219918869266,0.21070879409893212,0.2926592189573105,0.5718611756364044,1.075229188692647
17.5,1.0,0.7,0.3,0.7,0.3,0.03,1.0581395064683323,0.7484145343119237,0.3757741749921965,0.1984615437910453,0.2805931611056558,0.5588462804937592,1.0379009853904604
20,1.0,0.7,0.3,0.7,0.3,0.03,1.109177234232655,0.7735273250576307,0.38262899229812675,0.18932952599345504,0.27148362210003923,0.5488345217614292,1.0096476698549235
0.5,1.0,0.7,0.2,0.7,0.2,0.02,-0.07568071709344439,-0.07846439439124425,-0.1057493395394393,-1.8498767635504747,-1.7842487804331084,-1.323885336870467,-4.95801088085405
1.25,1.0,0.7,0.2,0.7,0.2,0.02,0.03386591189716919,0.033353394838005444,0.030077438562496922,4.1339503990058635,4.197473770810075,4.6546516821603205,12.98607585197626
1.5,1.0,0.7,0.2,0.7,0.2,0.02,0.06570039657724207,0.06380879602126364,0.0528322262981909,2.1308851588955937,2.194054875339544,2.649897795520192,6.974837829755329
1.75,1.0,0.7,0.2,0.7,0.2,0.02,0.09577734358236038,0.09182637608159931,0.07073593230312769,1.4617235638782555,1.5246164116897343,1.97919212261248,4.96553209818047
2,1.0,0.7,0.2,0.7,0.2,0.02,0.12429946333863034,0.11774783983337604,0.08524220530343762,1.1263121838152792,1.1889814725952748,1.642378907275339,3.957672563685893
3,1.0,0.7,0.2,0.7,0.2,0.02,0.2256081639021078,0.20509201773136465,0.12365460462365435,0.6205449199114377,0.6826204234987632,1.1321859014154243,2.4353512448256254
5,1.0,0.7,0.2,0.7,0.2,0.02,0.38403634432061073,0.32862243067494956,0.16076516794975895,0.3645488300011567,0.4260208279527889,0.8708354041203233,1.661405062074269
8,1.0,0.7,0.2,0.7,0.2,0.02,0.5531449640057041,0.4456975814174696,0.18537930231523878,0.253098209529313,0.3141143363505641,0.755208366044711,1.322420911924588
10,1.0,0.7,0.2,0.7,0.2,0.02,0.6373971628300874,0.4991616864033866,0.1944176121228728,0.21964327449841528,0.2804702440380451,0.7200993699661291,1.2202128885025894
12.5,1.0,0.7,0.2,0.7,0.2,0.02,0.7219396456665023,0.5499355205010041,0.20203297598650732,0.19392202774894085,0.25457529979597737,0.6929561835952455,1.1414535111401638
15,1.0,0.7,0.2,0.7,0.2,0.02,0.7904505051900139,0.5890431473602036,0.20734114665020034,0.17711418878320007,0.23767359085223194,0.6752157121817707,1.0900034918172028
17.5,1.0,0.7,0.2,0.7,0.2,0.02,0.8479292824064322,0.6206449204069111,0.2112798937953878,0.1651081085473054,0.225571813120153,0.6626281255876708,1.0533080472551293
20,1.0,0.7,0.2,0.7,0.2,0.02,0.8988613185563955,0.6474543871699903,0.2143411935998372,0.1557526140126323,0.21623144853792264,0.6531642268511951,1.02514828940175
0.5,1.0,0.5,0.5,0.5,0.5,0.05,-0.13980812714188426,-0.1582142957425566,-0.1582142957425566,-1.7881650023556037,-1.5801353400251228,-1.5801353400251228,-4.948435682405849
1.25,1.0,0.5,0.5,0.5,0.5,0.05,0.059657301397157234,0.05686742762593891,0.05686742762593892,4.1906018902141104,4.396189707128015,4.396189707128015,12.98298130447014
1.5,1.0,0.5,0.5,0.5,0.5,0.05,0.11433430156088047,0.10454277228583789,0.10454277228583789,2.1865704043933007,2.3913657016523064,2.3913657016523064,6.969301807697914
1.75,1.0,0.5,0.5,0.5,0.5,0.05,0.16483872342968037,0.1452902615492295,0.14529026154922955,1.5166339243499973,1.7206934403878895,1.7206934403878889,4.958020805125775
2,1.0,0.5,0.5,0.5,0.5,0.05,0.21175871702965499,0.18063968236594233,0.18063968236594213,1.1805889434293733,1.3839705469230543,1.3839705469230557,3.948530037275483
3,1.0,0.5,0.5,0.5,0.5,0.05,0.3713908547261531,0.2859369348355147,0.28593693483551463,0.6731452775926289,0.8743186680091278,0.874318668009128,2.4217826136108846
5,1.0,0.5,0.5,0.5,0.5,0.05,0.6015676022970907,0.40721567530303926,0.4072156753030391,0.4155808907350944,0.613925286186384,0.6139252861863842,1.6434314631078626
8,1.0,0.5,0.5,0.5,0.5,0.05,0.8247693894666909,0.5008880529635132,0.5008880529635127,0.3031150321445053,0.49911352151617605,0.4991135215161766,1.301342075176858
10,1.0,0.5,0.5,0.5,0.5,0.05,0.9284665202533195,0.5384489131191837,0.5384489131191839,0.269261189872297,0.46429660067799855,0.4642966006779985,1.1978543912282942
12.5,1.0,0.5,0.5,0.5,0.5,0.05,1.0282348836347608,0.5716250768781893,0.5716250768781892,0.24313510850386835,0.43734960223460223,0.4373496022346023,1.117834312973073
15,1.0,0.5,0.5,0.5,0.5,0.05,1.106030421656548,0.5957203940229772,0.5957204877170215,0.2260335657183503,0.4196599654944118,0.41965989949090815,1.0653534307036703
17.5,1.0,0.5,0.5,0.5,0.5,0.05,1.1685413309510773,0.6141686855667926,0.6141719313161293,0.21394194058718033,0.4070542928597615,0.40705214167678866,1.0280483751237306
20,1.0,0.5,0.5,0.5,0.5,0.05,1.2522763299135564,0.6286958261687642,0.6286969774332377,0.19963644926296523,0.39764857597907954,0.39764784780844264,0.9949328730504874
0.5,1.0,0.5,0.3,0.5,0.3,0.03,-0.08282208902558749,-0.08898362491303478,-0.10318642237726952,-1.8111110425342956,-1.6857034105611854,-1.453679627069257,-4.950494080164738
1.25,1.0,0.5,0.3,0.5,0.3,0.03,0.03598286470496739,0.034959760987594644,0.033173338284448566,4.168650862845077,4.2906471830064,4.52170350520071,12.981001551052186
1.5,1.0,0.5,0.3,0.5,0.3,0.03,0.06926596070850537,0.06559468401923176,0.059591066107621736,2.1655658633141726,2.2867706772704537,2.5171558389155066,6.969492379500133
1.75,1.0,0.5,0.3,0.5,0.3,0.03,0.10025526214366613,0.09278151242251641,0.08123837263317865,1.4961808167739812,1.6167013889245212,1.8464180797577712,4.9593002854562735
2,1.0,0.5,0.3,0.5,0.3,0.03,0.12924971980546004,0.11714492670054541,0.09936789296459395,1.1605441019583809,1.2804651829561613,1.5095419206830412,3.9505512055975833
3,1.0,0.5,0.3,0.5,0.3,0.03,0.22931343492616318,0.19424427658008073,0.15012832703134163,0.6541265235868043,0.7722235251454618,0.9991452177355253,2.4254952664677916
5,1.0,0.5,0.3,0.5,0.3,0.03,0.3773177594810922,0.2921559758092903,0.20335998865336052,0.39754290973816897,0.5134243774562222,0.7376082236888994,1.6485755108832905
8,1.0,0.5,0.3,0.5,0.3,0.03,0.5248787498601415,0.3752491936620744,0.2412189786549402,0.2857802874282276,0.39973436994265865,0.6218416180866619,1.3073562754575483
10,1.0,0.5,0.3,0.5,0.3,0.03,0.5946662380835714,0.4106779831276952,0.25568655982597305,0.2522423342603145,0.3652496753237423,0.5866557870781081,1.204147796662165
12.5,1.0,0.5,0.3,0.5,0.3,0.03,0.6622882281263428,0.44338700390359165,0.2681379548201652,0.2264874923480973,0.3383049089833391,0.559413530623078,1.1242059319545143
15,1.0,0.5,0.3,0.5,0.3,0.03,0.7151765836495595,0.46851008911258946,0.2769787334617627,0.20973841066572285,0.32016386303252675,0.5415578233218677,1.0714600970201174
17.5,1.0,0.5,0.3,0.5,0.3,0.03,0.7579736922499442,0.48688913077989904,0.2836415370841674,0.1978960503955552,0.3080783499104406,0.5288365080164166,1.0348109083224124
20,1.0,0.5,0.3,0.5,0.3,0.03,0.7933871138092498,0.5104146224817238,0.2889451995527872,0.18906281358643767,0.2938787279852489,0.519129579699408,1.0020711212710944
0.5,1.0,0.5,0.2,0.5,0.2,0.02,-0.053660040586485276,-0.05797789024113557,-0.07310026117163843,-1.8635841290285164,-1.724795427775838,-1.367984168554492,-4.956363725358846
1.25,1.0,0.5,0.2,0.5,0.2,0.02,0.02426996334100144,0.0235008220443433,0.021691757769114483,4.120319367399331,4.255170300481903,4.610045947607974,12.985535615489207
1.5,1.0,0.5,0.2,0.5,0.2,0.02,0.04723095758358957,0.04441679662485539,0.03838460034168415,2.1172554001900035,2.2514005421102468,2.6052114418240793,6.97386738412433
1.75,1.0,0.5,0.2,0.5,0.2,0.02,0.06905631395061076,0.06322421158937802,0.0516944283554973,1.4480935091832476,1.5816725505328484,1.9344444494542086,4.964210509170305
2,1.0,0.5,0.2,0.5,0.2,0.02,0.08987296673516815,0.08027011019075775,0.06259454788626219,1.1126816397935715,1.2457937302235564,1.5975832301194286,3.9560586001365565
3,1.0,0.5,0.2,0.5,0.2,0.02,0.1647670930947088,0.13536525930545773,0.09197332713564539,0.6069173044311682,0.7387419823453044,1.0872717462152544,2.432931032991727
5,1.0,0.5,0.2,0.5,0.2,0.02,0.28494518026630816,0.20772801165070098,0.12109212910957466,0.35094469717487614,0.4813987252145469,0.8258175055251636,1.6581609279145866
8,1.0,0.5,0.2,0.5,0.2,0.02,0.4174812483955062,0.27104812892846275,0.14082172646495544,0.23953171641679036,0.36893816753257436,0.7101176963974076,1.3185875803467724
10,1.0,0.5,0.2,0.5,0.2,0.02,0.4852159033948436,0.29844425427302784,0.1481537341098044,0.20609382194677403,0.33507095066576925,0.6749745499218051,1.2161393225343482
12.5,1.0,0.5,0.2,0.5,0.2,0.02,0.5543887313375936,0.32365181248912744,0.15437029616400386,0.1803788467321953,0.3089740151026015,0.6477930177302986,1.1371458795650953
15,1.0,0.5,0.2,0.5,0.2,0.02,0.6112394765641591,0.3425624451791959,0.15872668852818808,0.16360199861780925,0.2919175800128633,0.6300137735327422,1.0855333521634147
17.5,1.0,0.5,0.2,0.5,0.2,0.02,0.6593534133063899,0.3574241013224347,0.16197313337447986,0.1516637329570201,0.27977967806314585,0.6173863400469093,1.0488297510670752
20,1.0,0.5,0.2,0.5,0.2,0.02,0.7031048300500413,0.3699168073120387,0.1645049491424345,0.14222630214740925,0.2703310528835914,0.6078844467677157,1.0204418017987162
0.5,1.0,0.3,0.3,0.3,0.3,0.03,-0.04857386813549776,-0.05806582395136574,-0.05806582395136578,-1.8528481147299867,-1.5499650891956929,-1.5499650891956918,-4.952778293121371
1.25,1.0,0.3,0.3,0.3,0.3,0.03,0.021793587712424265,0.02032905747563349,0.020329057475633495,4.129655070454144,4.427160487291379,4.427160487291377,12.9839760450369
1.5,1.0,0.3,0.3,0.3,0.3,0.03,0.04232412673534797,0.03715034468412325,0.03715034468412326,2.126446708818553,2.422588559143647,2.4225885591436467,6.971623827105846
1.75,1.0,0.3,0.3,0.3,0.3,0.03,0.06176463646899473,0.05136732044009571,0.05136732044009572,1.4571444947333116,1.75208672029053,1.7520867202905297,4.961317935314371
2,1.0,0.3,0.3,0.3,0.3,0.03,0.08024133019262986,0.0635819357061444,0.06358193570614441,1.1216165009221952,1.4154963827454317,1.4154963827454312,3.9526092664130577
3,1.0,0.3,0.3,0.3,0.3,0.03,0.1462071131964771,0.09931726418495024,0.09931726418495024,0.6155651256109239,0.9061868622599242,0.9061868622599242,2.427938850130772
5,1.0,0.3,0.3,0.3,0.3,0.03,0.2504325415755213,0.13929359720008974,0.13929359720008974,0.3593782159211098,0.6461172789637887,0.6461172789637887,1.651612773848687
8,1.0,0.3,0.3,0.3,0.3,0.03,0.3631030148260667,0.16932809265405807,0.1693280926540581,0.24786354374697692,0.5315125127162004,0.5315125127162003,1.3108885691793777
10,1.0,0.3,0.3,0.3,0.3,0.03,0.41979394832923445,0.18117190543813114,0.18117190543813103,0.21439089429039393,0.4967657638879022,0.4967657638879025,1.2079224220661988
12.5,1.0,0.3,0.3,0.3,0.3,0.03,0.47707998003703417,0.19154352476259215,0.19154352476259204,0.18864761416526762,0.46986709736886245,0.4698670973688627,1.1283818089029927
15,1.0,0.3,0.3,0.3,0.3,0.03,0.52398309769854,0.1990324664871834,0.19903247206308508,0.17176126557383564,0.45218753296108855,0.452187520293039,1.0761363188279631
17.5,1.0,0.3,0.3,0.3,0.3,0.03,0.5645495112495797,0.20475544803504103,0.20475652583458984,0.15941914430284965,0.4395487439464749,0.4395464302451852,1.0385143184945098
20,1.0,0.3,0.3,0.3,0.3,0.03,0.5966715320714963,0.20932015330869883,0.20932023637715125,0.15083675885715916,0.42996337704411486,0.42996320641373076,1.0107633423150046
0.5,1.0,0.3,0.2,0.3,0.2,0.02,-0.03180593314665969,-0.03706594005093307,-0.04136680039659342,-1.8864404865386346,-1.6187367679749325,-1.4504385020056092,-4.955615756519176
1.25,1.0,0.3,0.2,0.3,0.2,0.02,0.01464006704337833,0.013762756921682879,0.013252772726990143,4.098341887521469,4.359591638610684,4.527354481663,12.985288007795154
1.5,1.0,0.3,0.2,0.3,0.2,0.02,0.028633722463896852,0.025473693779973168,0.023784753932965485,2.095431359846826,2.355371016007526,2.522624373962535,6.973426749816887
1.75,1.0,0.3,0.2,0.3,0.2,0.02,0.04206417493060663,0.03560317015370201,0.03239773167354423,1.4263919380085819,1.6852431887659085,1.8519815092176835,4.963616635992174
2,1.0,0.3,0.2,0.3,0.2,0.02,0.05499136040872076,0.04447707917747393,0.039597401116943355,1.0910804816257091,1.349009447328724,1.5152509585869403,3.9553408875413734
3,1.0,0.3,0.2,0.3,0.2,0.02,0.10246134990840668,0.07135423762322983,0.05967588376366026,0.5855866632016445,0.840875076219252,1.0054312766883078,2.4318930161092043
5,1.0,0.3,0.2,0.3,0.2,0.02,0.18188666847205484,0.10304391265055686,0.08057234138298358,0.3298757435277255,0.5822760263720999,0.744672414505155,1.6568241844049805
8,1.0,0.3,0.2,0.3,0.2,0.02,0.2744491046472121,0.12797074868389408,0.09530652810896578,0.2186197695092735,0.46885714600458045,0.6295476415991237,1.3170245571129775
10,1.0,0.3,0.2,0.3,0.2,0.02,0.3239312169493054,0.13805569872648782,0.10090320863231314,0.18522450711933047,0.43460719516454266,0.5946292572185425,1.2144609595024156
12.5,1.0,0.3,0.2,0.3,0.2,0.02,0.37613229904659656,0.14699625225049245,0.10570209935401678,0.15951834009492227,0.4081736716508634,0.5676330022457585,1.1353250139915443
15,1.0,0.3,0.2,0.3,0.2,0.02,0.42052785500190293,0.153502409470606,0.10909732911791513,0.14267782570485965,0.39087334333660295,0.5499676342685759,1.0835188033100385
17.5,1.0,0.3,0.2,0.3,0.2,0.02,0.4590806861570702,0.15849495515292625,0.11164581457791578,0.13069597961581758,0.3785609449973224,0.5374137868654896,1.0466707114786296
20,1.0,0.3,0.2,0.3,0.2,0.02,0.4950280869324157,0.16250870773277012,0.11363988632710036,0.1212052438717312,0.3692109846732903,0.5279836326771427,1.018399861222164
0.5,1.0,0.2,0.2,0.2,0.2,0.02,-0.02099270558262994,-0.026216405563583595,-0.026216405563583598,-1.905423759817664,-1.5257621760155702,-1.52576217601557,-4.956948111848805
1.25,1.0,0.2,0.2,0.2,0.2,0.02,0.009801942439825635,0.00898381175411024,0.008983811754110243,4.080823800543717,4.4524530449671715,4.452453044967171,12.985729890478058
1.5,1.0,0.2,0.2,0.2,0.2,0.02,0.01924762600688236,0.016339706234931424,0.01633970623493143,2.0781783678515593,2.4480244274212857,2.4480244274212843,6.974227222694129
1.75,1.0,0.2,0.2,0.2,0.2,0.02,0.02838189218380715,0.02250119672666489,0.022501196726664882,1.4093493041602558,1.7776832266258213,1.7776832266258218,4.9647157574118985
2,1.0,0.2,0.2,0.2,0.2,0.02,0.03723672370199535,0.027753829583058394,0.02775382958305839,1.0742083626937509,1.441242545656365,1.4412425456563651,3.956693454006481
3,1.0,0.2,0.2,0.2,0.2,0.02,0.07027942500106481,0.04289977474921338,0.04289977474921335,0.5691566201543904,0.9324058280919868,0.9324058280919875,2.4339682763383648
5,1.0,0.2,0.2,0.2,0.2,0.02,0.1274582144952326,0.05944296400393121,0.05944296400393128,0.31382834098539925,0.6729139549191161,0.6729139549191153,1.6596562508236308
8,1.0,0.2,0.2,0.2,0.2,0.02,0.19727723046220877,0.07158276918951713,0.07158276918951714,0.20276034850186408,0.5587936936904331,0.558793693690433,1.3203477358827302
10,1.0,0.2,0.2,0.2,0.2,0.02,0.2361233700810345,0.07629690091705825,0.07629690091705818,0.1694029692455792,0.5242676900269342,0.5242676900269347,1.2179383492994482
12.5,1.0,0.2,0.2,0.2,0.2,0.02,0.2783814326210582,0.08038541481114196,0.08038541481114192,0.1436877439108854,0.497602706834023,0.4976027068340233,1.1388931575789316
15,1.0,0.2,0.2,0.2,0.2,0.02,0.31538493801908524,0.08330589849031472,0.08330589849031471,0.12682913854807945,0.48015807673751304,0.4801580767375131,1.0871452920231057
17.5,1.0,0.2,0.2,0.2,0.2,0.02,0.34852446811735,0.08551549020648458,0.08551548946224818,0.11476956041586096,0.467751513830027,0.4677515179008415,1.0502725921467295
20,1.0,0.2,0.2,0.2,0.2,0.02,0.3780856314738006,0.08727134482092269,0.08727156622651287,0.1057961389436504,0.45834059372040625,0.45833943092278445,1.0224761635868411
